pickup_borough,pickup_hour,borough_hourly_share_pct
Manhattan,0,2.5919940489304407
Queens,0,3.5027339653188605
Brooklyn,0,3.6918648689592484
Bronx,0,2.1675613236393287
EWR,0,0.0
Staten Island,0,4.3478260869565215
Manhattan,1,1.8688457879853713
Queens,1,1.537537292916128
Brooklyn,1,2.763217694288744
Bronx,1,1.5084596045389687
EWR,1,0.26595744680851063
Staten Island,1,1.185770750988142
Manhattan,2,1.2860504959656622
Queens,2,0.7643562877808212
Brooklyn,2,2.4193304044841693
Bronx,2,1.4133315213698445
EWR,2,0.26595744680851063
Staten Island,2,2.371541501976284
Manhattan,3,0.8107230705030676
Queens,3,0.5790372233366257
Brooklyn,3,2.2148159369792455
Bronx,3,1.3114085751172113
EWR,3,0.7978723404255319
Staten Island,3,1.5810276679841897
Manhattan,4,0.5119708252443541
Queens,4,0.7589256924857531
Brooklyn,4,2.261778518406302
Bronx,4,2.690765781069511
EWR,4,1.3297872340425532
Staten Island,4,1.9762845849802373
Manhattan,5,0.5209129811592663
Queens,5,1.384122975830457
Brooklyn,5,2.423875170428723
Bronx,5,4.68166066453761
EWR,5,0.7978723404255319
Staten Island,5,5.138339920948617
Manhattan,6,1.2526470077472767
Queens,6,2.3439806942337262
Brooklyn,6,4.319042569307681
Bronx,6,9.193449751987497
EWR,6,2.6595744680851063
Staten Island,6,4.3478260869565215
Manhattan,7,2.774757460220366
Queens,7,3.3805455711798307
Brooklyn,7,7.291319497045902
Bronx,7,11.721138819052795
EWR,7,3.1914893617021276
Staten Island,7,11.462450592885375
Manhattan,8,4.028020051164683
Queens,8,3.1789347208504313
Brooklyn,8,8.333585820330253
Bronx,8,10.171910036012774
EWR,8,1.8617021276595744
Staten Island,8,10.276679841897234
Manhattan,9,4.142745319623756
Queens,9,3.243762452185305
Brooklyn,9,5.96121799727314
Bronx,9,6.326017530746755
EWR,9,4.787234042553192
Staten Island,9,1.9762845849802373
Manhattan,10,4.29388719405515
Queens,10,3.9714622217244178
Brooklyn,10,4.279654597788214
Bronx,10,4.5185839505333965
EWR,10,2.6595744680851063
Staten Island,10,2.766798418972332
Manhattan,11,4.712127377771096
Queens,11,3.6201705885747066
Brooklyn,11,4.070595364338737
Bronx,11,4.457430182781817
EWR,11,3.4574468085106385
Staten Island,11,3.557312252964427
Manhattan,12,5.130237965024507
Queens,12,4.398782189005081
Brooklyn,12,4.226632328435086
Bronx,12,4.43704559353129
EWR,12,6.117021276595745
Staten Island,12,2.371541501976284
Manhattan,13,5.429119806745756
Queens,13,4.877692811588891
Brooklyn,13,4.199363732767762
Bronx,13,4.273968879527078
EWR,13,7.446808510638298
Staten Island,13,10.67193675889328
Manhattan,14,5.810133406598533
Queens,14,6.250275772417329
Brooklyn,14,4.4765944553855475
Bronx,14,4.79717333695726
EWR,14,10.638297872340425
Staten Island,14,5.928853754940711
Manhattan,15,6.132213015113539
Queens,15,6.830331232371778
Brooklyn,15,4.2175427965459775
Bronx,15,3.859482231433037
EWR,15,13.829787234042554
Staten Island,15,6.324110671936759
Manhattan,16,6.2333954532377085
Queens,16,7.098806287271703
Brooklyn,16,3.5221936070292377
Bronx,16,3.4789698987565396
EWR,16,13.031914893617023
Staten Island,16,3.9525691699604746
Manhattan,17,7.460544356981232
Queens,17,6.315442915958144
Brooklyn,17,4.7401908801696715
Bronx,17,3.941020588435143
EWR,17,10.372340425531915
Staten Island,17,0.7905138339920948
Manhattan,18,7.970279643246858
Queens,18,5.772383386451343
Brooklyn,18,5.47341311922436
Bronx,18,2.8606373581572333
EWR,18,5.053191489361701
Staten Island,18,2.371541501976284
Manhattan,19,6.466831081378803
Queens,19,6.0398402047334425
Brooklyn,19,3.9342523860021212
Bronx,19,2.1064075558877486
EWR,19,5.319148936170213
Staten Island,19,2.371541501976284
Manhattan,20,5.627143201499172
Queens,20,6.209546307704318
Brooklyn,20,3.1161945159824267
Bronx,20,2.0656383773866955
EWR,20,2.6595744680851063
Staten Island,20,1.9762845849802373
Manhattan,21,5.972258581229767
Queens,21,6.354814731847387
Brooklyn,21,3.0192395091652777
Bronx,21,1.9161513895495006
EWR,21,2.393617021276596
Staten Island,21,2.766798418972332
Manhattan,22,5.218266362201377
Queens,22,5.873867636027927
Brooklyn,22,4.329647023178306
Bronx,22,2.7926887273221443
EWR,22,0.0
Staten Island,22,3.9525691699604746
Manhattan,23,3.7548955063722578
Queens,23,5.712646838205596
Brooklyn,23,4.714437206483866
Bronx,23,3.3090983216688183
EWR,23,1.0638297872340425
Staten Island,23,5.533596837944664
