pickup_date,trip_count,year,day_of_month,weekday,weekday_num
2024-01-01,80896,2024,1,Monday,1
2024-01-02,75438,2024,2,Tuesday,2
2024-01-03,82351,2024,3,Wednesday,3
2024-01-04,102812,2024,4,Thursday,4
2024-01-05,103087,2024,5,Friday,5
2024-01-06,97005,2024,6,Saturday,6
2024-01-07,67478,2024,7,Sunday,7
2024-01-08,79956,2024,8,Monday,1
2024-01-09,93907,2024,9,Tuesday,2
2024-01-10,94932,2024,10,Wednesday,3
2024-01-11,104937,2024,11,Thursday,4
2024-01-12,103573,2024,12,Friday,5
2024-01-13,104647,2024,13,Saturday,6
2024-01-14,94324,2024,14,Sunday,7
2024-01-15,76961,2024,15,Monday,1
2024-01-16,92980,2024,16,Tuesday,2
2024-01-17,110284,2024,17,Wednesday,3
2024-01-18,110281,2024,18,Thursday,4
2024-01-19,95868,2024,19,Friday,5
2024-01-20,108658,2024,20,Saturday,6
2024-01-21,84419,2024,21,Sunday,7
2024-01-22,85576,2024,22,Monday,1
2024-01-23,99806,2024,23,Tuesday,2
2024-01-24,105029,2024,24,Wednesday,3
2024-01-25,110245,2024,25,Thursday,4
2024-01-26,105715,2024,26,Friday,5
2024-01-27,110396,2024,27,Saturday,6
2024-01-28,92743,2024,28,Sunday,7
2024-01-29,84478,2024,29,Monday,1
2024-01-30,101145,2024,30,Tuesday,2
2024-01-31,102037,2024,31,Wednesday,3
2025-01-01,90099,2025,1,Wednesday,3
2025-01-02,84749,2025,2,Thursday,4
2025-01-03,91175,2025,3,Friday,5
2025-01-04,97720,2025,4,Saturday,6
2025-01-05,79553,2025,5,Sunday,7
2025-01-06,80074,2025,6,Monday,1
2025-01-07,100555,2025,7,Tuesday,2
2025-01-08,113815,2025,8,Wednesday,3
2025-01-09,119194,2025,9,Thursday,4
2025-01-10,111428,2025,10,Friday,5
2025-01-11,121885,2025,11,Saturday,6
2025-01-12,102439,2025,12,Sunday,7
2025-01-13,100423,2025,13,Monday,1
2025-01-14,121630,2025,14,Tuesday,2
2025-01-15,125261,2025,15,Wednesday,3
2025-01-16,138616,2025,16,Thursday,4
2025-01-17,120893,2025,17,Friday,5
2025-01-18,119729,2025,18,Saturday,6
2025-01-19,118165,2025,19,Sunday,7
2025-01-20,90035,2025,20,Monday,1
2025-01-21,117498,2025,21,Tuesday,2
2025-01-22,127151,2025,22,Wednesday,3
2025-01-23,138008,2025,23,Thursday,4
2025-01-24,129388,2025,24,Friday,5
2025-01-25,136699,2025,25,Saturday,6
2025-01-26,102119,2025,26,Sunday,7
2025-01-27,92941,2025,27,Monday,1
2025-01-28,113833,2025,28,Tuesday,2
2025-01-29,120460,2025,29,Wednesday,3
2025-01-30,133074,2025,30,Thursday,4
2025-01-31,133341,2025,31,Friday,5
