year,weekday,weekday_num,avg_daily_trips,change_pct
2024,Monday,1,81573.4,11.394461920184774
2025,Monday,1,90868.25,11.394461920184774
2024,Tuesday,2,92655.2,22.366580612852818
2025,Tuesday,2,113379.0,22.366580612852818
2024,Wednesday,3,98926.6,16.608879714859288
2025,Wednesday,3,115357.2,16.608879714859288
2024,Thursday,4,107068.75,14.62560270854007
2025,Thursday,4,122728.2,14.62560270854007
2024,Friday,5,102060.75,14.877658649382845
2025,Friday,5,117245.0,14.877658649382845
2024,Saturday,6,105176.5,13.150989051736842
2025,Saturday,6,119008.25,13.150989051736842
2024,Sunday,7,84741.0,18.678089708641625
2025,Sunday,7,100569.0,18.678089708641625
