pickup_date,total_trips,fee_positive_trips,fee_exposure_pct,weekday,day_type
2025-01-01,90099,0,0.0,Wednesday,Weekday
2025-01-02,84749,0,0.0,Thursday,Weekday
2025-01-03,91175,0,0.0,Friday,Weekday
2025-01-04,97720,401,0.410356119525174,Saturday,Weekend
2025-01-05,79553,51472,64.70151974155594,Sunday,Weekend
2025-01-06,80074,51778,64.66268701451158,Monday,Weekday
2025-01-07,100555,69369,68.98612699517676,Tuesday,Weekday
2025-01-08,113815,81016,71.18218161050828,Wednesday,Weekday
2025-01-09,119194,85104,71.3995670923033,Thursday,Weekday
2025-01-10,111428,78584,70.52446422802167,Friday,Weekday
2025-01-11,121885,92499,75.89038848094515,Saturday,Weekend
2025-01-12,102439,76086,74.27444625582054,Sunday,Weekend
2025-01-13,100423,71136,70.83636218794499,Monday,Weekday
2025-01-14,121630,89335,73.44816245991943,Tuesday,Weekday
2025-01-15,125261,91654,73.17042016270028,Wednesday,Weekday
2025-01-16,138616,102519,73.95899463265424,Thursday,Weekday
2025-01-17,120893,86600,71.63359334287345,Friday,Weekday
2025-01-18,119729,90734,75.78280951148008,Saturday,Weekend
2025-01-19,118165,88239,74.67439597173444,Sunday,Weekend
2025-01-20,90035,59618,66.21647137224413,Monday,Weekday
2025-01-21,117498,82971,70.61481897564214,Tuesday,Weekday
2025-01-22,127151,92980,73.12565375026543,Wednesday,Weekday
2025-01-23,138008,101729,73.7123934844357,Thursday,Weekday
2025-01-24,129388,92636,71.59551117568863,Friday,Weekday
2025-01-25,136699,105512,77.1856414458043,Saturday,Weekend
2025-01-26,102119,75179,73.61901311215347,Sunday,Weekend
2025-01-27,92941,63783,68.6274087862192,Monday,Weekday
2025-01-28,113833,81908,71.95452988149307,Tuesday,Weekday
2025-01-29,120460,88037,73.08401129005479,Wednesday,Weekday
2025-01-30,133074,98099,73.71763079189023,Thursday,Weekday
2025-01-31,133341,95728,71.79187196736187,Friday,Weekday
