month,raw_trips,clean_trips,retention_pct,observed_hours
2024-01,2964624,2961964,99.910275299667,744
2024-02,3007526,3004972,99.91507970338412,696
2024-03,3582628,3579551,99.91411332686508,743
2024-04,3514289,3511212,99.91244317129298,720
2024-05,3723833,3720675,99.91519490804232,744
2024-06,3539193,3536058,99.91142048483934,720
2024-07,3076903,3074016,99.90617188777156,744
2024-08,2979183,2976382,99.90598093504158,744
2024-09,3633030,3630174,99.92138793238702,720
2024-10,3833771,3830972,99.9269909444252,744
2024-11,3646369,3642608,99.89685629731932,720
2024-12,3668371,3665212,99.91388548213908,744
2025-01,3475226,3471950,99.90573274946722,744
2025-02,3577543,3571215,99.82311882764232,672
2025-03,4145257,4121571,99.42859996376582,743
2025-04,3970553,3934393,99.0892956220456,720
2025-05,4591845,4526236,98.57118434964596,744
2025-06,4322960,4253182,98.38587449340268,720
2025-07,3898963,3841958,98.5379445765451,744
2025-08,3574091,3525213,98.63243549198944,744
2025-09,4251015,4192620,98.62632806517972,720
2025-10,4428699,4359465,98.43669664612564,744
2025-11,4181444,4117937,98.48121844989434,720
2025-12,4305006,4245429,98.6160994897568,744
2026-01,3724889,3678503,98.75470114679928,744
2026-02,3399866,3358131,98.7724516201521,672
2026-03,3952451,3902486,98.73584770563886,743
2026-04,3831240,3780866,98.68517764483562,720
2026-05,4090836,4037796,98.70344350152388,744
2026-06,3837248,3786568,98.67926180429308,720
2026-07,3530109,3487004,98.77893288847454,744
