date,daily_trips,rolling_7d_avg,weekday
2024-01-01,80896,,Monday
2024-01-02,75438,,Tuesday
2024-01-03,82351,,Wednesday
2024-01-04,102812,,Thursday
2024-01-05,103087,,Friday
2024-01-06,97005,,Saturday
2024-01-07,67478,87009.57142857143,Sunday
2024-01-08,79956,86875.28571428571,Monday
2024-01-09,93907,89513.71428571429,Tuesday
2024-01-10,94932,91311.0,Wednesday
2024-01-11,104937,91614.57142857143,Thursday
2024-01-12,103573,91684.0,Friday
2024-01-13,104647,92775.71428571429,Saturday
2024-01-14,94324,96610.85714285714,Sunday
2024-01-15,76961,96183.0,Monday
2024-01-16,92980,96050.57142857143,Tuesday
2024-01-17,110284,98243.71428571429,Wednesday
2024-01-18,110281,99007.14285714286,Thursday
2024-01-19,95868,97906.42857142857,Friday
2024-01-20,108658,98479.42857142857,Saturday
2024-01-21,84419,97064.42857142857,Sunday
2024-01-22,85576,98295.14285714286,Monday
2024-01-23,99806,99270.28571428571,Tuesday
2024-01-24,105029,98519.57142857143,Wednesday
2024-01-25,110245,98514.42857142857,Thursday
2024-01-26,105715,99921.14285714286,Friday
2024-01-27,110396,100169.42857142857,Saturday
2024-01-28,92743,101358.57142857143,Sunday
2024-01-29,84478,101201.71428571429,Monday
2024-01-30,101145,101393.0,Tuesday
2024-01-31,102037,100965.57142857143,Wednesday
2024-02-01,109901,100916.42857142857,Thursday
2024-02-02,105374,100867.71428571429,Friday
2024-02-03,110506,100883.42857142857,Saturday
2024-02-04,87983,100203.42857142857,Sunday
2024-02-05,88344,100755.71428571429,Monday
2024-02-06,102065,100887.14285714286,Tuesday
2024-02-07,102894,101009.57142857143,Wednesday
2024-02-08,113959,101589.28571428571,Thursday
2024-02-09,110412,102309.0,Friday
2024-02-10,111558,102459.28571428571,Saturday
2024-02-11,96477,103672.71428571429,Sunday
2024-02-12,92014,104197.0,Monday
2024-02-13,69035,99478.42857142857,Tuesday
2024-02-14,121678,102161.85714285714,Wednesday
2024-02-15,122857,103433.0,Thursday
2024-02-16,105745,102766.28571428571,Friday
2024-02-17,105713,101931.28571428571,Saturday
2024-02-18,93694,101533.71428571429,Sunday
2024-02-19,75987,99244.14285714286,Monday
2024-02-20,97006,103240.0,Tuesday
2024-02-21,103459,100637.28571428571,Wednesday
2024-02-22,115517,99588.71428571429,Thursday
2024-02-23,102361,99105.28571428571,Friday
2024-02-24,117711,100819.28571428571,Saturday
2024-02-25,95735,101110.85714285714,Sunday
2024-02-26,86246,102576.42857142857,Monday
2024-02-27,118546,105653.57142857143,Tuesday
2024-02-28,112382,106928.28571428571,Wednesday
2024-02-29,129813,108970.57142857143,Thursday
2024-03-01,117551,111140.57142857143,Friday
2024-03-02,122345,111802.57142857143,Saturday
2024-03-03,96894,111968.14285714286,Sunday
2024-03-04,94118,113092.71428571429,Monday
2024-03-05,112473,112225.14285714286,Tuesday
2024-03-06,132772,115138.0,Wednesday
2024-03-07,122012,114023.57142857143,Thursday
2024-03-08,119431,114292.14285714286,Friday
2024-03-09,140383,116869.0,Saturday
2024-03-10,104402,117941.57142857143,Sunday
2024-03-11,98251,118532.0,Monday
2024-03-12,112107,118479.71428571429,Tuesday
2024-03-13,119611,116599.57142857143,Wednesday
2024-03-14,136937,118731.71428571429,Thursday
2024-03-15,128723,120059.14285714286,Friday
2024-03-16,131302,118761.85714285714,Saturday
2024-03-17,103324,118607.85714285714,Sunday
2024-03-18,94909,118130.42857142857,Monday
2024-03-19,111611,118059.57142857143,Tuesday
2024-03-20,118943,117964.14285714286,Wednesday
2024-03-21,130697,117072.71428571429,Thursday
2024-03-22,116764,115364.28571428571,Friday
2024-03-23,121876,114017.71428571429,Saturday
2024-03-24,101830,113804.28571428571,Sunday
2024-03-25,93365,113583.71428571429,Monday
2024-03-26,112604,113725.57142857143,Tuesday
2024-03-27,121083,114031.28571428571,Wednesday
2024-03-28,132587,114301.28571428571,Thursday
2024-03-29,119722,114723.85714285714,Friday
2024-03-30,112558,113392.71428571429,Saturday
2024-03-31,98366,112897.85714285714,Sunday
2024-04-01,93787,112958.14285714286,Monday
2024-04-02,131537,115662.85714285714,Tuesday
2024-04-03,139650,118315.28571428571,Wednesday
2024-04-04,137384,119000.57142857143,Thursday
2024-04-05,134348,121090.0,Friday
2024-04-06,131471,123791.85714285714,Saturday
2024-04-07,105462,124805.57142857143,Sunday
2024-04-08,97147,125285.57142857143,Monday
2024-04-09,120519,123711.57142857143,Tuesday
2024-04-10,121708,121148.42857142857,Wednesday
2024-04-11,142529,121883.42857142857,Thursday
2024-04-12,123779,120373.57142857143,Friday
2024-04-13,129686,120118.57142857143,Saturday
2024-04-14,111366,120962.0,Sunday
2024-04-15,100976,121509.0,Monday
2024-04-16,110933,120139.57142857143,Tuesday
2024-04-17,126512,120825.85714285714,Wednesday
2024-04-18,134281,119647.57142857143,Thursday
2024-04-19,119186,118991.42857142857,Friday
2024-04-20,132802,119436.57142857143,Saturday
2024-04-21,105737,118632.42857142857,Sunday
2024-04-22,90308,117108.42857142857,Monday
2024-04-23,100005,115547.28571428571,Tuesday
2024-04-24,108580,112985.57142857143,Wednesday
2024-04-25,122859,111353.85714285714,Thursday
2024-04-26,112891,110454.57142857143,Friday
2024-04-27,117768,108306.85714285714,Saturday
2024-04-28,99219,107375.71428571429,Sunday
2024-04-29,97014,108333.71428571429,Monday
2024-04-30,111768,110014.14285714286,Tuesday
2024-05-01,121829,111906.85714285714,Wednesday
2024-05-02,133006,113356.42857142857,Thursday
2024-05-03,127944,115506.85714285714,Friday
2024-05-04,133634,117773.42857142857,Saturday
2024-05-05,120021,120745.14285714286,Sunday
2024-05-06,102853,121579.28571428571,Monday
2024-05-07,119265,122650.28571428571,Tuesday
2024-05-08,127629,123478.85714285714,Wednesday
2024-05-09,136515,123980.14285714286,Thursday
2024-05-10,138213,125447.14285714286,Friday
2024-05-11,130896,125056.0,Saturday
2024-05-12,112516,123983.85714285714,Sunday
2024-05-13,111268,125186.0,Monday
2024-05-14,131692,126961.28571428571,Tuesday
2024-05-15,138460,128508.57142857143,Wednesday
2024-05-16,143668,129530.42857142857,Thursday
2024-05-17,133134,128804.85714285714,Friday
2024-05-18,137931,129809.85714285714,Saturday
2024-05-19,114443,130085.14285714286,Sunday
2024-05-20,106801,129447.0,Monday
2024-05-21,121379,127973.71428571429,Tuesday
2024-05-22,130789,126877.85714285714,Wednesday
2024-05-23,122512,123855.57142857143,Thursday
2024-05-24,109660,120502.14285714286,Friday
2024-05-25,90022,113658.0,Saturday
2024-05-26,85595,109536.85714285714,Sunday
2024-05-27,72520,104639.57142857143,Monday
2024-05-28,104598,102242.28571428571,Tuesday
2024-05-29,121154,100865.85714285714,Wednesday
2024-05-30,123611,101022.85714285714,Thursday
2024-05-31,117117,102088.14285714286,Friday
2024-06-01,130577,107881.71428571429,Saturday
2024-06-02,106948,110932.14285714286,Sunday
2024-06-03,109592,116228.14285714286,Monday
2024-06-04,124701,119100.0,Tuesday
2024-06-05,133946,120927.42857142857,Wednesday
2024-06-06,141944,123546.42857142857,Thursday
2024-06-07,131934,125663.14285714286,Friday
2024-06-08,132226,125898.71428571429,Saturday
2024-06-09,106881,125889.14285714286,Sunday
2024-06-10,105699,125333.0,Monday
2024-06-11,119344,124567.71428571429,Tuesday
2024-06-12,122439,122923.85714285714,Wednesday
2024-06-13,128029,120936.0,Thursday
2024-06-14,123353,119710.14285714286,Friday
2024-06-15,115123,117266.85714285714,Saturday
2024-06-16,104919,116986.57142857143,Sunday
2024-06-17,100394,116228.71428571429,Monday
2024-06-18,121909,116595.14285714286,Tuesday
2024-06-19,102990,113816.71428571429,Wednesday
2024-06-20,124397,113297.85714285714,Thursday
2024-06-21,119112,112692.0,Friday
2024-06-22,117735,113065.14285714286,Saturday
2024-06-23,102443,112711.42857142857,Sunday
2024-06-24,109844,114061.42857142857,Monday
2024-06-25,126671,114741.71428571429,Tuesday
2024-06-26,132706,118986.85714285714,Wednesday
2024-06-27,127357,119409.71428571429,Thursday
2024-06-28,111902,118379.71428571429,Friday
2024-06-29,109509,117204.57142857143,Saturday
2024-06-30,91434,115631.85714285714,Sunday
2024-07-01,85541,112160.0,Monday
2024-07-02,87690,106591.28571428571,Tuesday
2024-07-03,80347,99111.42857142857,Wednesday
2024-07-04,61749,89738.85714285714,Thursday
2024-07-05,74086,84336.57142857143,Friday
2024-07-06,75019,79409.42857142857,Saturday
2024-07-07,75715,77163.85714285714,Sunday
2024-07-08,91094,77957.14285714286,Monday
2024-07-09,110617,81232.42857142857,Tuesday
2024-07-10,118765,86720.71428571429,Wednesday
2024-07-11,117747,94720.42857142857,Thursday
2024-07-12,101552,98644.14285714286,Friday
2024-07-13,100737,102318.14285714286,Saturday
2024-07-14,96283,105256.42857142857,Sunday
2024-07-15,102082,106826.14285714286,Monday
2024-07-16,127546,109244.57142857143,Tuesday
2024-07-17,128081,110575.42857142857,Wednesday
2024-07-18,120131,110916.0,Thursday
2024-07-19,105577,111491.0,Friday
2024-07-20,105752,112207.42857142857,Saturday
2024-07-21,92907,111725.14285714286,Sunday
2024-07-22,93931,110560.71428571429,Monday
2024-07-23,109188,107938.14285714286,Tuesday
2024-07-24,113986,105924.57142857143,Wednesday
2024-07-25,113848,105027.0,Thursday
2024-07-26,98906,104074.0,Friday
2024-07-27,96738,102786.28571428571,Saturday
2024-07-28,88784,102197.28571428571,Sunday
2024-07-29,87758,101315.42857142857,Monday
2024-07-30,102407,100346.71428571429,Tuesday
2024-07-31,109452,99699.0,Wednesday
2024-08-01,117039,100154.85714285714,Thursday
2024-08-02,108125,101471.85714285714,Friday
2024-08-03,113374,103848.42857142857,Saturday
2024-08-04,86824,103568.42857142857,Sunday
2024-08-05,94162,104483.28571428571,Monday
2024-08-06,119162,106876.85714285714,Tuesday
2024-08-07,110019,106957.85714285714,Wednesday
2024-08-08,109509,105882.14285714286,Thursday
2024-08-09,92259,103615.57142857143,Friday
2024-08-10,96053,101141.14285714286,Saturday
2024-08-11,81525,100384.14285714286,Sunday
2024-08-12,80511,98434.0,Monday
2024-08-13,91804,94525.71428571429,Tuesday
2024-08-14,99467,93018.28571428571,Wednesday
2024-08-15,101447,91866.57142857143,Thursday
2024-08-16,94601,92201.14285714286,Friday
2024-08-17,93571,91846.57142857143,Saturday
2024-08-18,83740,92163.0,Sunday
2024-08-19,84643,92753.28571428571,Monday
2024-08-20,93202,92953.0,Tuesday
2024-08-21,94225,92204.14285714286,Wednesday
2024-08-22,95996,91425.42857142857,Thursday
2024-08-23,91651,91004.0,Friday
2024-08-24,90623,90582.85714285714,Saturday
2024-08-25,84002,90620.28571428571,Sunday
2024-08-26,85913,90801.71428571429,Monday
2024-08-27,94432,90977.42857142857,Tuesday
2024-08-28,104353,92424.28571428571,Wednesday
2024-08-29,100556,93075.71428571429,Thursday
2024-08-30,93834,93387.57142857143,Friday
2024-08-31,89760,93264.28571428571,Saturday
2024-09-01,89453,94043.0,Sunday
2024-09-02,80308,93242.28571428571,Monday
2024-09-03,102900,94452.0,Tuesday
2024-09-04,118385,96456.57142857143,Wednesday
2024-09-05,130140,100682.85714285714,Thursday
2024-09-06,128636,105654.57142857143,Friday
2024-09-07,124627,110635.57142857143,Saturday
2024-09-08,112569,113937.85714285714,Sunday
2024-09-09,108213,117924.28571428571,Monday
2024-09-10,121590,120594.28571428571,Tuesday
2024-09-11,120326,120871.57142857143,Wednesday
2024-09-12,138464,122060.71428571429,Thursday
2024-09-13,129256,122149.28571428571,Friday
2024-09-14,133445,123409.0,Saturday
2024-09-15,113778,123581.71428571429,Sunday
2024-09-16,107187,123435.14285714286,Monday
2024-09-17,128133,124369.85714285714,Tuesday
2024-09-18,134993,126465.14285714286,Wednesday
2024-09-19,142685,127068.14285714286,Thursday
2024-09-20,135347,127938.28571428571,Friday
2024-09-21,137742,128552.14285714286,Saturday
2024-09-22,116718,128972.14285714286,Sunday
2024-09-23,111565,129597.57142857143,Monday
2024-09-24,116196,127892.28571428571,Tuesday
2024-09-25,124065,126331.14285714286,Wednesday
2024-09-26,132727,124908.57142857143,Thursday
2024-09-27,124293,123329.42857142857,Friday
2024-09-28,142278,123977.42857142857,Saturday
2024-09-29,119504,124375.42857142857,Sunday
2024-09-30,104651,123387.71428571429,Monday
2024-10-01,119034,123793.14285714286,Tuesday
2024-10-02,113814,122328.71428571429,Wednesday
2024-10-03,108751,118903.57142857143,Thursday
2024-10-04,112332,117194.85714285714,Friday
2024-10-05,124354,114634.28571428571,Saturday
2024-10-06,103547,112354.71428571429,Sunday
2024-10-07,101949,111968.71428571429,Monday
2024-10-08,121317,112294.85714285714,Tuesday
2024-10-09,129822,114581.71428571429,Wednesday
2024-10-10,143104,119489.28571428571,Thursday
2024-10-11,128742,121833.57142857143,Friday
2024-10-12,130066,122649.57142857143,Saturday
2024-10-13,109880,123554.28571428571,Sunday
2024-10-14,101420,123478.71428571429,Monday
2024-10-15,128803,124548.14285714286,Tuesday
2024-10-16,134795,125258.57142857143,Wednesday
2024-10-17,136231,124276.71428571429,Thursday
2024-10-18,133121,124902.28571428571,Friday
2024-10-19,135744,125713.42857142857,Saturday
2024-10-20,117049,126737.57142857143,Sunday
2024-10-21,107357,127585.71428571429,Monday
2024-10-22,120998,126470.71428571429,Tuesday
2024-10-23,128124,125517.71428571429,Wednesday
2024-10-24,137253,125663.71428571429,Thursday
2024-10-25,135981,126072.28571428571,Friday
2024-10-26,148387,127878.42857142857,Saturday
2024-10-27,119733,128261.85714285714,Sunday
2024-10-28,110517,128713.28571428571,Monday
2024-10-29,126844,129548.42857142857,Tuesday
2024-10-30,132602,130188.14285714286,Wednesday
2024-10-31,129301,129052.14285714286,Thursday
2024-11-01,137549,129276.14285714286,Friday
2024-11-02,137621,127738.14285714286,Saturday
2024-11-03,121168,127943.14285714286,Sunday
2024-11-04,101554,126662.71428571429,Monday
2024-11-05,97458,122464.71428571429,Tuesday
2024-11-06,115406,120008.14285714286,Wednesday
2024-11-07,129909,120095.0,Thursday
2024-11-08,129513,118947.0,Friday
2024-11-09,135431,118634.14285714286,Saturday
2024-11-10,113508,117539.85714285714,Sunday
2024-11-11,99738,117280.42857142857,Monday
2024-11-12,127108,121516.14285714286,Tuesday
2024-11-13,133211,124059.71428571429,Wednesday
2024-11-14,141539,125721.14285714286,Thursday
2024-11-15,139606,127163.0,Friday
2024-11-16,149843,129221.85714285714,Saturday
2024-11-17,123301,130620.85714285714,Sunday
2024-11-18,113365,132567.57142857142,Monday
2024-11-19,125286,132307.2857142857,Tuesday
2024-11-20,132962,132271.7142857143,Wednesday
2024-11-21,153047,133915.7142857143,Thursday
2024-11-22,149922,135389.42857142858,Friday
2024-11-23,134666,133221.2857142857,Saturday
2024-11-24,108300,131078.2857142857,Sunday
2024-11-25,104003,129740.85714285714,Monday
2024-11-26,114335,128176.42857142857,Tuesday
2024-11-27,107624,124556.71428571429,Wednesday
2024-11-28,77175,113717.85714285714,Thursday
2024-11-29,86395,104642.57142857143,Friday
2024-11-30,102065,99985.28571428571,Saturday
2024-12-01,95570,98166.71428571429,Sunday
2024-12-02,112075,99319.85714285714,Monday
2024-12-03,129173,101439.57142857143,Tuesday
2024-12-04,133713,105166.57142857143,Wednesday
2024-12-05,148274,115323.57142857143,Thursday
2024-12-06,147337,124029.57142857143,Friday
2024-12-07,145807,130278.42857142857,Saturday
2024-12-08,118557,133562.2857142857,Sunday
2024-12-09,118340,134457.2857142857,Monday
2024-12-10,138104,135733.14285714287,Tuesday
2024-12-11,143212,137090.14285714287,Wednesday
2024-12-12,156694,138293.0,Thursday
2024-12-13,159738,140064.57142857142,Friday
2024-12-14,159031,141953.7142857143,Saturday
2024-12-15,125702,142974.42857142858,Sunday
2024-12-16,115257,142534.0,Monday
2024-12-17,130932,141509.42857142858,Tuesday
2024-12-18,140579,141133.2857142857,Wednesday
2024-12-19,144057,139328.0,Thursday
2024-12-20,138861,136345.57142857142,Friday
2024-12-21,131161,132364.14285714287,Saturday
2024-12-22,105111,129422.57142857143,Sunday
2024-12-23,94922,126517.57142857143,Monday
2024-12-24,80715,119343.71428571429,Tuesday
2024-12-25,54723,107078.57142857143,Wednesday
2024-12-26,74739,97176.0,Thursday
2024-12-27,84723,89442.0,Friday
2024-12-28,88088,83288.71428571429,Saturday
2024-12-29,79496,79629.42857142857,Sunday
2024-12-30,81928,77773.14285714286,Monday
2024-12-31,88593,78898.57142857143,Tuesday
2025-01-01,90099,83952.28571428571,Wednesday
2025-01-02,84749,85382.28571428571,Thursday
2025-01-03,91175,86304.0,Friday
2025-01-04,97720,87680.0,Saturday
2025-01-05,79553,87688.14285714286,Sunday
2025-01-06,80074,87423.28571428571,Monday
2025-01-07,100555,89132.14285714286,Tuesday
2025-01-08,113815,92520.14285714286,Wednesday
2025-01-09,119194,97440.85714285714,Thursday
2025-01-10,111428,100334.14285714286,Friday
2025-01-11,121885,103786.28571428571,Saturday
2025-01-12,102439,107055.71428571429,Sunday
2025-01-13,100423,109962.71428571429,Monday
2025-01-14,121630,112973.42857142857,Tuesday
2025-01-15,125261,114608.57142857143,Wednesday
2025-01-16,138616,117383.14285714286,Thursday
2025-01-17,120893,118735.28571428571,Friday
2025-01-18,119729,118427.28571428571,Saturday
2025-01-19,118165,120673.85714285714,Sunday
2025-01-20,90035,119189.85714285714,Monday
2025-01-21,117498,118599.57142857143,Tuesday
2025-01-22,127151,118869.57142857143,Wednesday
2025-01-23,138008,118782.71428571429,Thursday
2025-01-24,129388,119996.28571428571,Friday
2025-01-25,136699,122420.57142857143,Saturday
2025-01-26,102119,120128.28571428571,Sunday
2025-01-27,92941,120543.42857142857,Monday
2025-01-28,113833,120019.85714285714,Tuesday
2025-01-29,120460,119064.0,Wednesday
2025-01-30,133074,118359.14285714286,Thursday
2025-01-31,133341,118923.85714285714,Friday
2025-02-01,148453,120603.0,Saturday
2025-02-02,123442,123649.14285714286,Sunday
2025-02-03,98243,124406.57142857143,Monday
2025-02-04,119630,125234.71428571429,Tuesday
2025-02-05,128130,126330.42857142857,Wednesday
2025-02-06,125845,125297.71428571429,Thursday
2025-02-07,137820,125937.57142857143,Friday
2025-02-08,145824,125562.0,Saturday
2025-02-09,123245,125533.85714285714,Sunday
2025-02-10,108346,126977.14285714286,Monday
2025-02-11,125278,127784.0,Tuesday
2025-02-12,128672,127861.42857142857,Wednesday
2025-02-13,142466,130235.85714285714,Thursday
2025-02-14,158326,133165.2857142857,Friday
2025-02-15,148278,133515.85714285713,Saturday
2025-02-16,113549,132130.7142857143,Sunday
2025-02-17,94403,130138.85714285714,Monday
2025-02-18,117097,128970.14285714286,Tuesday
2025-02-19,123432,128221.57142857143,Wednesday
2025-02-20,142009,128156.28571428571,Thursday
2025-02-21,133720,124641.14285714286,Friday
2025-02-22,141645,123693.57142857143,Saturday
2025-02-23,108787,123013.28571428571,Sunday
2025-02-24,97135,123403.57142857143,Monday
2025-02-25,115606,123190.57142857143,Tuesday
2025-02-26,128748,123950.0,Wednesday
2025-02-27,143821,124208.85714285714,Thursday
2025-02-28,149265,126429.57142857143,Friday
2025-03-01,163952,129616.28571428571,Saturday
2025-03-02,128594,132445.85714285713,Sunday
2025-03-03,111040,134432.2857142857,Monday
2025-03-04,125496,135845.14285714287,Tuesday
2025-03-05,147652,138545.7142857143,Wednesday
2025-03-06,145829,138832.57142857142,Thursday
2025-03-07,137295,137122.57142857142,Friday
2025-03-08,147044,134707.14285714287,Saturday
2025-03-09,116843,133028.42857142858,Sunday
2025-03-10,104667,132118.0,Monday
2025-03-11,125185,132073.57142857142,Tuesday
2025-03-12,137897,130680.0,Wednesday
2025-03-13,155793,132103.42857142858,Thursday
2025-03-14,144053,133068.85714285713,Friday
2025-03-15,151959,133771.0,Saturday
2025-03-16,118161,133959.2857142857,Sunday
2025-03-17,111794,134977.42857142858,Monday
2025-03-18,124111,134824.0,Tuesday
2025-03-19,127400,133324.42857142858,Wednesday
2025-03-20,152220,132814.0,Thursday
2025-03-21,133616,131323.0,Friday
2025-03-22,141189,129784.42857142857,Saturday
2025-03-23,120212,130077.42857142857,Sunday
2025-03-24,110033,129825.85714285714,Monday
2025-03-25,119006,129096.57142857143,Tuesday
2025-03-26,130587,129551.85714285714,Wednesday
2025-03-27,141863,128072.28571428571,Thursday
2025-03-28,135555,128349.28571428571,Friday
2025-03-29,162103,131337.0,Saturday
2025-03-30,135936,133583.2857142857,Sunday
2025-03-31,114486,134219.42857142858,Monday
2025-04-01,128051,135511.57142857142,Tuesday
2025-04-02,136448,136348.85714285713,Wednesday
2025-04-03,137415,135713.42857142858,Thursday
2025-04-04,134112,135507.2857142857,Friday
2025-04-05,152196,134092.0,Saturday
2025-04-06,122113,132117.2857142857,Sunday
2025-04-07,114939,132182.0,Monday
2025-04-08,130636,132551.2857142857,Tuesday
2025-04-09,136675,132583.7142857143,Wednesday
2025-04-10,146564,133890.7142857143,Thursday
2025-04-11,153600,136674.7142857143,Friday
2025-04-12,148282,136115.57142857142,Saturday
2025-04-13,108859,134222.14285714287,Sunday
2025-04-14,98860,131925.14285714287,Monday
2025-04-15,120892,130533.14285714286,Tuesday
2025-04-16,132614,129953.0,Wednesday
2025-04-17,134123,128175.71428571429,Thursday
2025-04-18,124351,123997.28571428571,Friday
2025-04-19,132767,121780.85714285714,Saturday
2025-04-20,114274,122554.42857142857,Sunday
2025-04-21,106620,123663.0,Monday
2025-04-22,123463,124030.28571428571,Tuesday
2025-04-23,134362,124280.0,Wednesday
2025-04-24,146829,126095.14285714286,Thursday
2025-04-25,146030,129192.14285714286,Friday
2025-04-26,156804,132626.0,Saturday
2025-04-27,140048,136308.0,Sunday
2025-04-28,108786,136617.42857142858,Monday
2025-04-29,125012,136838.7142857143,Tuesday
2025-04-30,138668,137453.85714285713,Wednesday
2025-05-01,155352,138671.42857142858,Thursday
2025-05-02,145434,138586.2857142857,Friday
2025-05-03,162093,139341.85714285713,Saturday
2025-05-04,140938,139469.0,Sunday
2025-05-05,135541,143291.14285714287,Monday
2025-05-06,143131,145879.57142857142,Tuesday
2025-05-07,147626,147159.2857142857,Wednesday
2025-05-08,163699,148351.7142857143,Thursday
2025-05-09,161583,150658.7142857143,Friday
2025-05-10,157277,149970.7142857143,Saturday
2025-05-11,145619,150639.42857142858,Sunday
2025-05-12,126814,149392.7142857143,Monday
2025-05-13,149262,150268.57142857142,Tuesday
2025-05-14,160718,152138.85714285713,Wednesday
2025-05-15,166257,152504.2857142857,Thursday
2025-05-16,161274,152460.14285714287,Friday
2025-05-17,176519,155209.0,Saturday
2025-05-18,141640,154640.57142857142,Sunday
2025-05-19,133494,155594.85714285713,Monday
2025-05-20,148870,155538.85714285713,Tuesday
2025-05-21,162121,155739.2857142857,Wednesday
2025-05-22,160247,154880.7142857143,Thursday
2025-05-23,133440,150904.42857142858,Friday
2025-05-24,118805,142659.57142857142,Saturday
2025-05-25,112212,138455.57142857142,Sunday
2025-05-26,97204,133271.2857142857,Monday
2025-05-27,122775,129543.42857142857,Tuesday
2025-05-28,153719,128343.14285714286,Wednesday
2025-05-29,146718,126410.42857142857,Thursday
2025-05-30,144783,128030.85714285714,Friday
2025-05-31,151071,132640.2857142857,Saturday
2025-06-01,129594,135123.42857142858,Sunday
2025-06-02,112871,137361.57142857142,Monday
2025-06-03,138419,139596.42857142858,Tuesday
2025-06-04,155975,139918.7142857143,Wednesday
2025-06-05,174402,143873.57142857142,Thursday
2025-06-06,160950,146183.14285714287,Friday
2025-06-07,161268,147639.85714285713,Saturday
2025-06-08,137693,148796.85714285713,Sunday
2025-06-09,126560,150752.42857142858,Monday
2025-06-10,138611,150779.85714285713,Tuesday
2025-06-11,149269,149821.85714285713,Wednesday
2025-06-12,164407,148394.0,Thursday
2025-06-13,144440,146035.42857142858,Friday
2025-06-14,144119,143585.57142857142,Saturday
2025-06-15,123060,141495.14285714287,Sunday
2025-06-16,118017,140274.7142857143,Monday
2025-06-17,134389,139671.57142857142,Tuesday
2025-06-18,154941,140481.85714285713,Wednesday
2025-06-19,141570,137219.42857142858,Thursday
2025-06-20,138155,136321.57142857142,Friday
2025-06-21,154823,137850.7142857143,Saturday
2025-06-22,133628,139360.42857142858,Sunday
2025-06-23,139391,142413.85714285713,Monday
2025-06-24,155158,145380.85714285713,Tuesday
2025-06-25,155631,145479.42857142858,Wednesday
2025-06-26,150433,146745.57142857142,Thursday
2025-06-27,136180,146463.42857142858,Friday
2025-06-28,140572,144427.57142857142,Saturday
2025-06-29,127828,143599.0,Sunday
2025-06-30,110828,139518.57142857142,Monday
2025-07-01,129284,135822.2857142857,Tuesday
2025-07-02,110656,129397.28571428571,Wednesday
2025-07-03,103865,122744.71428571429,Thursday
2025-07-04,87056,115727.0,Friday
2025-07-05,93568,109012.14285714286,Saturday
2025-07-06,94703,104280.0,Sunday
2025-07-07,101246,102911.14285714286,Monday
2025-07-08,129865,102994.14285714286,Tuesday
2025-07-09,133969,106324.57142857143,Wednesday
2025-07-10,127116,109646.14285714286,Thursday
2025-07-11,122433,114700.0,Friday
2025-07-12,134428,120537.14285714286,Saturday
2025-07-13,117212,123752.71428571429,Sunday
2025-07-14,134057,128440.0,Monday
2025-07-15,131281,128642.28571428571,Tuesday
2025-07-16,142020,129792.42857142857,Wednesday
2025-07-17,145566,132428.14285714287,Thursday
2025-07-18,126573,133019.57142857142,Friday
2025-07-19,135018,133103.85714285713,Saturday
2025-07-20,122146,133808.7142857143,Sunday
2025-07-21,109700,130329.14285714286,Monday
2025-07-22,121166,128884.14285714286,Tuesday
2025-07-23,128484,126950.42857142857,Wednesday
2025-07-24,132579,125095.14285714286,Thursday
2025-07-25,135150,126320.42857142857,Friday
2025-07-26,138832,126865.28571428571,Saturday
2025-07-27,117241,126164.57142857143,Sunday
2025-07-28,119315,127538.14285714286,Monday
2025-07-29,137040,129805.85714285714,Tuesday
2025-07-30,140898,131579.2857142857,Wednesday
2025-07-31,139491,132566.7142857143,Thursday
2025-08-01,121623,130634.28571428571,Friday
2025-08-02,126996,128943.42857142857,Saturday
2025-08-03,109430,127827.57142857143,Sunday
2025-08-04,103692,125595.71428571429,Monday
2025-08-05,115800,122561.42857142857,Tuesday
2025-08-06,124985,120288.14285714286,Wednesday
2025-08-07,120056,117511.71428571429,Thursday
2025-08-08,113969,116418.28571428571,Friday
2025-08-09,113419,114478.71428571429,Saturday
2025-08-10,101356,113325.28571428571,Sunday
2025-08-11,98102,112526.71428571429,Monday
2025-08-12,112862,112107.0,Tuesday
2025-08-13,132075,113119.85714285714,Wednesday
2025-08-14,121435,113316.85714285714,Thursday
2025-08-15,116662,113701.57142857143,Friday
2025-08-16,119784,114610.85714285714,Saturday
2025-08-17,113681,116371.57142857143,Sunday
2025-08-18,93473,115710.28571428571,Monday
2025-08-19,105470,114654.28571428571,Tuesday
2025-08-20,130170,114382.14285714286,Wednesday
2025-08-21,112967,113172.42857142857,Thursday
2025-08-22,112212,112536.71428571429,Friday
2025-08-23,125080,113293.28571428571,Saturday
2025-08-24,110861,112890.42857142857,Sunday
2025-08-25,97745,113500.71428571429,Monday
2025-08-26,106160,113599.28571428571,Tuesday
2025-08-27,112102,111018.14285714286,Wednesday
2025-08-28,115076,111319.42857142857,Thursday
2025-08-29,112260,111326.28571428571,Friday
2025-08-30,115652,109979.42857142857,Saturday
2025-08-31,110058,109864.71428571429,Sunday
2025-09-01,96557,109695.0,Monday
2025-09-02,117204,111272.71428571429,Tuesday
2025-09-03,129934,113820.14285714286,Wednesday
2025-09-04,148640,118615.0,Thursday
2025-09-05,144940,123283.57142857143,Friday
2025-09-06,145798,127590.14285714286,Saturday
2025-09-07,126891,129994.85714285714,Sunday
2025-09-08,122676,133726.14285714287,Monday
2025-09-09,138838,136816.7142857143,Tuesday
2025-09-10,150583,139766.57142857142,Wednesday
2025-09-11,153167,140413.2857142857,Thursday
2025-09-12,158851,142400.57142857142,Friday
2025-09-13,164116,145017.42857142858,Saturday
2025-09-14,143364,147370.7142857143,Sunday
2025-09-15,127551,148067.14285714287,Monday
2025-09-16,141798,148490.0,Tuesday
2025-09-17,147788,148090.7142857143,Wednesday
2025-09-18,159423,148984.42857142858,Thursday
2025-09-19,153776,148259.42857142858,Friday
2025-09-20,156060,147108.57142857142,Saturday
2025-09-21,136337,146104.7142857143,Sunday
2025-09-22,117902,144726.2857142857,Monday
2025-09-23,114721,140858.14285714287,Tuesday
2025-09-24,133456,138810.7142857143,Wednesday
2025-09-25,150686,137562.57142857142,Thursday
2025-09-26,153171,137476.14285714287,Friday
2025-09-27,161500,138253.2857142857,Saturday
2025-09-28,136082,138216.85714285713,Sunday
2025-09-29,122445,138865.85714285713,Monday
2025-09-30,138365,142243.57142857142,Tuesday
2025-10-01,132969,142174.0,Wednesday
2025-10-02,130059,139227.2857142857,Thursday
2025-10-03,140618,137434.0,Friday
2025-10-04,145471,135144.14285714287,Saturday
2025-10-05,124939,133552.2857142857,Sunday
2025-10-06,118752,133024.7142857143,Monday
2025-10-07,132491,132185.57142857142,Tuesday
2025-10-08,146662,134141.7142857143,Wednesday
2025-10-09,159802,138390.7142857143,Thursday
2025-10-10,154464,140368.7142857143,Friday
2025-10-11,151988,141299.7142857143,Saturday
2025-10-12,128097,141750.85714285713,Sunday
2025-10-13,110371,140553.57142857142,Monday
2025-10-14,137020,141200.57142857142,Tuesday
2025-10-15,143764,140786.57142857142,Wednesday
2025-10-16,158764,140638.2857142857,Thursday
2025-10-17,151189,140170.42857142858,Friday
2025-10-18,149836,139863.0,Saturday
2025-10-19,136218,141023.14285714287,Sunday
2025-10-20,114939,141675.7142857143,Monday
2025-10-21,134554,141323.42857142858,Tuesday
2025-10-22,144603,141443.2857142857,Wednesday
2025-10-23,157446,141255.0,Thursday
2025-10-24,151512,141301.14285714287,Friday
2025-10-25,154052,141903.42857142858,Saturday
2025-10-26,124419,140217.85714285713,Sunday
2025-10-27,120632,141031.14285714287,Monday
2025-10-28,133948,140944.57142857142,Tuesday
2025-10-29,142085,140584.85714285713,Wednesday
2025-10-30,161030,141096.85714285713,Thursday
2025-10-31,166771,143276.7142857143,Friday
2025-11-01,180263,147021.14285714287,Saturday
2025-11-02,148262,150427.2857142857,Sunday
2025-11-03,127917,151468.0,Monday
2025-11-04,129528,150836.57142857142,Tuesday
2025-11-05,140462,150604.7142857143,Wednesday
2025-11-06,155837,149862.85714285713,Thursday
2025-11-07,145751,146860.0,Friday
2025-11-08,151231,142712.57142857142,Saturday
2025-11-09,131142,140266.85714285713,Sunday
2025-11-10,130003,140564.85714285713,Monday
2025-11-11,129207,140519.0,Tuesday
2025-11-12,140102,140467.57142857142,Wednesday
2025-11-13,153897,140190.42857142858,Thursday
2025-11-14,152515,141156.7142857143,Friday
2025-11-15,160158,142432.0,Saturday
2025-11-16,134175,142865.2857142857,Sunday
2025-11-17,128563,142659.57142857142,Monday
2025-11-18,141874,144469.14285714287,Tuesday
2025-11-19,151097,146039.85714285713,Wednesday
2025-11-20,158234,146659.42857142858,Thursday
2025-11-21,151695,146542.2857142857,Friday
2025-11-22,152012,145378.57142857142,Saturday
2025-11-23,124640,144016.42857142858,Sunday
2025-11-24,118588,142591.42857142858,Monday
2025-11-25,142603,142695.57142857142,Tuesday
2025-11-26,120777,138364.14285714287,Wednesday
2025-11-27,95461,129396.57142857143,Thursday
2025-11-28,99559,121948.57142857143,Friday
2025-11-29,112811,116348.42857142857,Saturday
2025-11-30,109573,114196.0,Sunday
2025-12-01,123571,114907.85714285714,Monday
2025-12-02,144561,115187.57142857143,Tuesday
2025-12-03,148448,119140.57142857143,Wednesday
2025-12-04,168790,129616.14285714286,Thursday
2025-12-05,168042,139399.42857142858,Friday
2025-12-06,166092,147011.0,Saturday
2025-12-07,138982,151212.2857142857,Sunday
2025-12-08,140928,153691.85714285713,Monday
2025-12-09,157150,155490.2857142857,Tuesday
2025-12-10,163097,157583.0,Wednesday
2025-12-11,178847,159019.7142857143,Thursday
2025-12-12,179877,160710.42857142858,Friday
2025-12-13,178001,162411.7142857143,Saturday
2025-12-14,157611,165073.0,Sunday
2025-12-15,148442,166146.42857142858,Monday
2025-12-16,156337,166030.2857142857,Tuesday
2025-12-17,157614,165247.0,Wednesday
2025-12-18,163882,163109.14285714287,Thursday
2025-12-19,169590,161639.57142857142,Friday
2025-12-20,154724,158314.2857142857,Saturday
2025-12-21,122580,153309.85714285713,Sunday
2025-12-22,112530,148179.57142857142,Monday
2025-12-23,110816,141676.57142857142,Tuesday
2025-12-24,99327,133349.85714285713,Wednesday
2025-12-25,67388,119565.0,Thursday
2025-12-26,83035,107200.0,Friday
2025-12-27,84795,97210.14285714286,Saturday
2025-12-28,89856,92535.28571428571,Sunday
2025-12-29,95752,90138.42857142857,Monday
2025-12-30,104540,89241.85714285714,Tuesday
2025-12-31,110224,90798.57142857143,Wednesday
2026-01-01,113213,97345.0,Thursday
2026-01-02,98961,99620.14285714286,Friday
2026-01-03,107228,102824.85714285714,Saturday
2026-01-04,92400,103188.28571428571,Sunday
2026-01-05,95986,103221.71428571429,Monday
2026-01-06,106283,103470.71428571429,Tuesday
2026-01-07,111708,103682.71428571429,Wednesday
2026-01-08,117996,104366.0,Thursday
2026-01-09,122485,107726.57142857143,Friday
2026-01-10,143528,112912.28571428571,Saturday
2026-01-11,114493,116068.42857142857,Sunday
2026-01-12,111236,118247.0,Monday
2026-01-13,121656,120443.14285714286,Tuesday
2026-01-14,128310,122814.85714285714,Wednesday
2026-01-15,139501,125887.0,Thursday
2026-01-16,132956,127382.85714285714,Friday
2026-01-17,126586,124962.57142857143,Saturday
2026-01-18,117716,125423.0,Sunday
2026-01-19,99036,123680.14285714286,Monday
2026-01-20,128623,124675.42857142857,Tuesday
2026-01-21,128222,124662.85714285714,Wednesday
2026-01-22,134308,123921.0,Thursday
2026-01-23,141758,125178.42857142857,Friday
2026-01-24,143636,127614.14285714286,Saturday
2026-01-25,44537,117160.0,Sunday
2026-01-26,68301,112769.28571428571,Monday
2026-01-27,120624,111626.57142857143,Tuesday
2026-01-28,130712,111982.28571428571,Wednesday
2026-01-29,142131,113099.85714285714,Thursday
2026-01-30,151286,114461.0,Friday
2026-01-31,143087,114382.57142857143,Saturday
2026-02-01,121558,125385.57142857143,Sunday
2026-02-02,112300,131671.14285714287,Monday
2026-02-03,123510,132083.42857142858,Tuesday
2026-02-04,129673,131935.0,Wednesday
2026-02-05,134620,130862.0,Thursday
2026-02-06,134073,128403.0,Friday
2026-02-07,152884,129802.57142857143,Saturday
2026-02-08,129065,130875.0,Sunday
2026-02-09,110874,130671.28571428571,Monday
2026-02-10,117227,129773.71428571429,Tuesday
2026-02-11,128361,129586.28571428571,Wednesday
2026-02-12,141895,130625.57142857143,Thursday
2026-02-13,140219,131503.57142857142,Friday
2026-02-14,131910,128507.28571428571,Saturday
2026-02-15,112186,126096.0,Sunday
2026-02-16,85510,122472.57142857143,Monday
2026-02-17,104699,120682.85714285714,Tuesday
2026-02-18,119865,119469.14285714286,Wednesday
2026-02-19,124362,116964.42857142857,Thursday
2026-02-20,128060,115227.42857142857,Friday
2026-02-21,134542,115603.42857142857,Saturday
2026-02-22,84647,111669.28571428571,Sunday
2026-02-23,25866,103148.71428571429,Monday
2026-02-24,103192,102933.42857142857,Tuesday
2026-02-25,121612,103183.0,Wednesday
2026-02-26,131607,104218.0,Thursday
2026-02-27,137416,105554.57142857143,Friday
2026-02-28,136398,105819.71428571429,Saturday
2026-03-01,110813,109557.71428571429,Sunday
2026-03-02,111994,121861.71428571429,Monday
2026-03-03,133416,126179.42857142857,Tuesday
2026-03-04,124356,126571.42857142857,Wednesday
2026-03-05,150606,129285.57142857143,Thursday
2026-03-06,132489,128581.71428571429,Friday
2026-03-07,130440,127730.57142857143,Saturday
2026-03-08,113611,128130.28571428571,Sunday
2026-03-09,106668,127369.42857142857,Monday
2026-03-10,127589,126537.0,Tuesday
2026-03-11,130344,127392.42857142857,Wednesday
2026-03-12,158960,128585.85714285714,Thursday
2026-03-13,145057,130381.28571428571,Friday
2026-03-14,141874,132014.7142857143,Saturday
2026-03-15,117999,132641.57142857142,Sunday
2026-03-16,113498,133617.2857142857,Monday
2026-03-17,126143,133410.7142857143,Tuesday
2026-03-18,142414,135135.0,Wednesday
2026-03-19,147250,133462.14285714287,Thursday
2026-03-20,140043,132745.85714285713,Friday
2026-03-21,133962,131615.57142857142,Saturday
2026-03-22,114623,131133.2857142857,Sunday
2026-03-23,104959,129913.42857142857,Monday
2026-03-24,117441,128670.28571428571,Tuesday
2026-03-25,120207,125497.85714285714,Wednesday
2026-03-26,127132,122623.85714285714,Thursday
2026-03-27,125106,120490.0,Friday
2026-03-28,132510,120282.57142857143,Saturday
2026-03-29,108079,119347.71428571429,Sunday
2026-03-30,99951,118632.28571428571,Monday
2026-03-31,112952,117991.0,Tuesday
2026-04-01,116638,117481.14285714286,Wednesday
2026-04-02,121456,116670.28571428571,Thursday
2026-04-03,109682,114466.85714285714,Friday
2026-04-04,122325,113011.85714285714,Saturday
2026-04-05,105222,112603.71428571429,Sunday
2026-04-06,98279,112364.85714285714,Monday
2026-04-07,118840,113206.0,Tuesday
2026-04-08,124045,114264.14285714286,Wednesday
2026-04-09,131580,115710.42857142857,Thursday
2026-04-10,129549,118548.57142857143,Friday
2026-04-11,141248,121251.85714285714,Saturday
2026-04-12,117955,123070.85714285714,Sunday
2026-04-13,107469,124383.71428571429,Monday
2026-04-14,124386,125176.0,Tuesday
2026-04-15,134951,126734.0,Wednesday
2026-04-16,141828,128198.0,Thursday
2026-04-17,139488,129617.85714285714,Friday
2026-04-18,147287,130480.57142857143,Saturday
2026-04-19,120398,130829.57142857143,Sunday
2026-04-20,117430,132252.57142857142,Monday
2026-04-21,127864,132749.42857142858,Tuesday
2026-04-22,133016,132473.0,Wednesday
2026-04-23,141277,132394.2857142857,Thursday
2026-04-24,136596,131981.14285714287,Friday
2026-04-25,158962,133649.0,Saturday
2026-04-26,113315,132637.14285714287,Sunday
2026-04-27,107126,131165.14285714287,Monday
2026-04-28,119777,130009.85714285714,Tuesday
2026-04-29,134602,130236.42857142857,Wednesday
2026-04-30,138275,129807.57142857143,Thursday
2026-05-01,136993,129864.28571428571,Friday
2026-05-02,134042,126304.28571428571,Saturday
2026-05-03,120102,127273.85714285714,Sunday
2026-05-04,104946,126962.42857142857,Monday
2026-05-05,127665,128089.28571428571,Tuesday
2026-05-06,137117,128448.57142857143,Wednesday
2026-05-07,136252,128159.57142857143,Thursday
2026-05-08,133549,127667.57142857143,Friday
2026-05-09,131980,127373.0,Saturday
2026-05-10,120080,127369.85714285714,Sunday
2026-05-11,121817,129780.0,Monday
2026-05-12,139586,131483.0,Tuesday
2026-05-13,147224,132926.85714285713,Wednesday
2026-05-14,161252,136498.2857142857,Thursday
2026-05-15,153773,139387.42857142858,Friday
2026-05-16,153268,142428.57142857142,Saturday
2026-05-17,130572,143927.42857142858,Sunday
2026-05-18,123169,144120.57142857142,Monday
2026-05-19,142952,144601.42857142858,Tuesday
2026-05-20,153358,145477.7142857143,Wednesday
2026-05-21,144051,143020.42857142858,Thursday
2026-05-22,117768,137876.85714285713,Friday
2026-05-23,114929,132399.85714285713,Saturday
2026-05-24,94500,127246.71428571429,Sunday
2026-05-25,77432,120712.85714285714,Monday
2026-05-26,114114,116593.14285714286,Tuesday
2026-05-27,127718,112930.28571428571,Wednesday
2026-05-28,140600,112437.28571428571,Thursday
2026-05-29,137249,115220.28571428571,Friday
2026-05-30,140667,118897.14285714286,Saturday
2026-05-31,119071,122407.28571428571,Sunday
2026-06-01,109834,127036.14285714286,Monday
2026-06-02,124312,128493.0,Tuesday
2026-06-03,138117,129978.57142857143,Wednesday
2026-06-04,144703,130564.71428571429,Thursday
2026-06-05,141985,131241.2857142857,Friday
2026-06-06,161273,134185.0,Saturday
2026-06-07,119870,134299.14285714287,Sunday
2026-06-08,112579,134691.2857142857,Monday
2026-06-09,129478,135429.2857142857,Tuesday
2026-06-10,136029,135131.0,Wednesday
2026-06-11,159979,137313.2857142857,Thursday
2026-06-12,145907,137873.57142857142,Friday
2026-06-13,135795,134233.85714285713,Saturday
2026-06-14,125468,135033.57142857142,Sunday
2026-06-15,108017,134381.85714285713,Monday
2026-06-16,116235,132490.0,Tuesday
2026-06-17,132340,131963.0,Wednesday
2026-06-18,145851,129944.71428571429,Thursday
2026-06-19,119667,126196.14285714286,Friday
2026-06-20,119947,123932.14285714286,Saturday
2026-06-21,108528,121512.14285714286,Sunday
2026-06-22,106994,121366.0,Monday
2026-06-23,123178,122357.85714285714,Tuesday
2026-06-24,125730,121413.57142857143,Wednesday
2026-06-25,127303,118763.85714285714,Thursday
2026-06-26,127679,119908.42857142857,Friday
2026-06-27,125780,120741.71428571429,Saturday
2026-06-28,107679,120620.42857142857,Sunday
2026-06-29,99853,119600.28571428571,Monday
2026-06-30,106458,117211.71428571429,Tuesday
2026-07-01,111126,115125.42857142857,Wednesday
2026-07-02,107731,112329.42857142857,Thursday
2026-07-03,87480,106586.71428571429,Friday
2026-07-04,82948,100467.85714285714,Saturday
2026-07-05,82562,96879.71428571429,Sunday
2026-07-06,99065,96767.14285714286,Monday
2026-07-07,100751,95951.85714285714,Tuesday
2026-07-08,106590,95303.85714285714,Wednesday
2026-07-09,114738,96304.85714285714,Thursday
2026-07-10,112951,99943.57142857143,Friday
2026-07-11,120532,105312.71428571429,Saturday
2026-07-12,107951,108939.71428571429,Sunday
2026-07-13,97743,108750.85714285714,Monday
2026-07-14,118088,111227.57142857143,Tuesday
2026-07-15,134260,115180.42857142857,Wednesday
2026-07-16,130249,117396.28571428571,Thursday
2026-07-17,120810,118519.0,Friday
2026-07-18,129971,119867.42857142857,Saturday
2026-07-19,119302,121489.0,Sunday
2026-07-20,109680,123194.28571428571,Monday
2026-07-21,115138,122772.85714285714,Tuesday
2026-07-22,124978,121446.85714285714,Wednesday
2026-07-23,123258,120448.14285714286,Thursday
2026-07-24,116025,119764.57142857143,Friday
2026-07-25,120796,118453.85714285714,Saturday
2026-07-26,112487,117480.28571428571,Sunday
2026-07-27,101464,116306.57142857143,Monday
2026-07-28,112854,115980.28571428571,Tuesday
2026-07-29,118019,114986.14285714286,Wednesday
2026-07-30,128040,115669.28571428571,Thursday
2026-07-31,119417,116153.85714285714,Friday
