pickup_hour,trips_in_month,avg_pickups_per_day
0,93340,3010.967741935484
1,64439,2078.6774193548385
2,43880,1415.483870967742
3,28471,918.4193548387096
4,20012,645.5483870967741
5,22533,726.8709677419355
6,49998,1612.8387096774193
7,102492,3306.1935483870966
8,141139,4552.870967741936
9,142713,4603.645161290323
10,148163,4779.451612903225
11,159917,5158.612903225807
12,175259,5653.5161290322585
13,185956,5998.580645161291
14,202098,6519.290322580645
15,213462,6885.870967741936
16,216816,6994.064516129032
17,253248,8169.290322580645
18,267708,8635.741935483871
19,220858,7124.451612903225
20,194844,6285.290322580645
21,205809,6639.0
22,182095,5874.032258064516
23,136700,4409.677419354839
