pickup_hour,day_type,avg_pickups
0,Weekday,1868.7826086956522
1,Weekday,1090.3478260869565
2,Weekday,716.3913043478261
3,Weekday,504.7391304347826
4,Weekday,471.95652173913044
5,Weekday,793.6521739130435
6,Weekday,1876.608695652174
7,Weekday,4015.4347826086955
8,Weekday,5448.608695652174
9,Weekday,5121.173913043478
10,Weekday,4964.521739130435
11,Weekday,5171.739130434783
12,Weekday,5594.217391304348
13,Weekday,5863.739130434783
14,Weekday,6477.869565217391
15,Weekday,6956.695652173913
16,Weekday,7021.869565217391
17,Weekday,8592.695652173914
18,Weekday,9190.434782608696
19,Weekday,7365.95652173913
20,Weekday,6614.95652173913
21,Weekday,7048.0
22,Weekday,5957.130434782609
23,Weekday,4039.478260869565
0,Weekend,6294.75
1,Weekend,4920.125
2,Weekend,3425.375
3,Weekend,2107.75
4,Weekend,1144.625
5,Weekend,534.875
6,Weekend,854.5
7,Weekend,1267.125
8,Weekend,1977.625
9,Weekend,3115.75
10,Weekend,4247.375
11,Weekend,5120.875
12,Weekend,5824.0
13,Weekend,6386.25
14,Weekend,6638.375
15,Weekend,6682.25
16,Weekend,6914.125
17,Weekend,6952.0
18,Weekend,7041.0
19,Weekend,6430.125
20,Weekend,5337.5
21,Weekend,5463.125
22,Weekend,5635.125
23,Weekend,5474.0
