pickup_borough,pickup_zone,trip_count,trip_share_pct,zone_label
Manhattan,Midtown Center,169797,4.903902888299653,Midtown Center (Manhattan)
Manhattan,Upper East Side South,163491,4.721779460832633,Upper East Side South (Manhattan)
Manhattan,Upper East Side North,155436,4.489143208335512,Upper East Side North (Manhattan)
Queens,JFK Airport,146002,4.216680091506481,JFK Airport (Queens)
Manhattan,Times Sq/Theatre District,125744,3.63160930279305,Times Sq/Theatre District (Manhattan)
Manhattan,Penn Station/Madison Sq West,119050,3.438280057080359,Penn Station/Madison Sq West (Manhattan)
Manhattan,Midtown East,117838,3.4032763155500656,Midtown East (Manhattan)
Manhattan,Lincoln Square East,110472,3.1905390547314694,Lincoln Square East (Manhattan)
Manhattan,Upper West Side South,96526,2.7877649793342183,Upper West Side South (Manhattan)
Manhattan,Midtown North,95828,2.767606058881954,Midtown North (Manhattan)
Manhattan,Union Sq,95779,2.766190891113815,Union Sq (Manhattan)
Manhattan,Murray Hill,95529,2.7589706473988205,Murray Hill (Manhattan)
Manhattan,East Chelsea,91150,2.632500858486978,East Chelsea (Manhattan)
Queens,LaGuardia Airport,89544,2.5861180128618533,LaGuardia Airport (Queens)
Manhattan,Clinton East,84081,2.4283412472017947,Clinton East (Manhattan)
Manhattan,Lenox Hill West,81589,2.35636985785073,Lenox Hill West (Manhattan)
Manhattan,East Village,81533,2.354752523258571,East Village (Manhattan)
Manhattan,West Village,77299,2.232470475701425,West Village (Manhattan)
Manhattan,Midtown South,75998,2.194896327408594,Midtown South (Manhattan)
Manhattan,Lenox Hill East,75019,2.1666218530206756,Lenox Hill East (Manhattan)
Manhattan,Upper West Side North,68554,1.979906350550919,Upper West Side North (Manhattan)
Manhattan,Gramercy,68287,1.972195130263305,Gramercy (Manhattan)
Manhattan,Yorkville West,67350,1.9451336568195057,Yorkville West (Manhattan)
Manhattan,West Chelsea/Hudson Yards,65081,1.879602724862216,West Chelsea/Hudson Yards (Manhattan)
Manhattan,Sutton Place/Turtle Bay North,57634,1.6645261050799613,Sutton Place/Turtle Bay North (Manhattan)
Manhattan,Greenwich Village South,53454,1.543803630165254,Greenwich Village South (Manhattan)
Manhattan,Flatiron,52900,1.5278035700928263,Flatiron (Manhattan)
Manhattan,Garment District,50701,1.4642943063757352,Garment District (Manhattan)
Manhattan,Yorkville East,49576,1.43180320965826,Yorkville East (Manhattan)
Manhattan,Greenwich Village North,49393,1.4265179912588841,Greenwich Village North (Manhattan)
Manhattan,Central Park,48493,1.4005251138849042,Central Park (Manhattan)
Manhattan,TriBeCa/Civic Center,45850,1.3241926973299827,TriBeCa/Civic Center (Manhattan)
Manhattan,Kips Bay,39171,1.131296666240191,Kips Bay (Manhattan)
Manhattan,Lincoln Square West,38699,1.1176648461062815,Lincoln Square West (Manhattan)
Manhattan,Little Italy/NoLiTa,36956,1.0673253069253401,Little Italy/NoLiTa (Manhattan)
Manhattan,Lower East Side,36886,1.0653036386851418,Lower East Side (Manhattan)
Manhattan,UN/Turtle Bay South,36664,1.0588920622662266,UN/Turtle Bay South (Manhattan)
Manhattan,Meatpacking/West Village West,33256,0.9604656999434222,Meatpacking/West Village West (Manhattan)
Manhattan,SoHo,28979,0.836941770467297,SoHo (Manhattan)
Manhattan,Manhattan Valley,27050,0.7812303699623999,Manhattan Valley (Manhattan)
Manhattan,East Harlem South,23355,0.6745151678547818,East Harlem South (Manhattan)
Manhattan,Battery Park City,21335,0.6161755986376267,Battery Park City (Manhattan)
Manhattan,Clinton West,18354,0.5300814125800327,Clinton West (Manhattan)
Manhattan,Financial District North,18033,0.5208106196499799,Financial District North (Manhattan)
Manhattan,Hudson Sq,17181,0.49620402906927885,Hudson Sq (Manhattan)
Manhattan,World Trade Center,16643,0.48066606459461075,World Trade Center (Manhattan)
Manhattan,Morningside Heights,16114,0.46538802889368247,Morningside Heights (Manhattan)
Manhattan,Central Harlem,11031,0.31858603368041527,Central Harlem (Manhattan)
Queens,East Elmhurst,9878,0.2852862696668608,East Elmhurst (Queens)
Manhattan,Financial District South,9716,0.28060755173954444,Financial District South (Manhattan)
Manhattan,East Harlem North,8913,0.2574161289269823,East Harlem North (Manhattan)
Manhattan,Bloomingdale,8570,0.24750995455000988,Bloomingdale (Manhattan)
Manhattan,Alphabet City,7476,0.21591416805319413,Alphabet City (Manhattan)
Manhattan,Chinatown,6180,0.17848442463466288,Chinatown (Manhattan)
Manhattan,Seaport,6071,0.17533639837492532,Seaport (Manhattan)
Manhattan,Two Bridges/Seward Park,5994,0.173112563310707,Two Bridges/Seward Park (Manhattan)
Manhattan,Central Harlem North,5980,0.17270822966266733,Central Harlem North (Manhattan)
Manhattan,Stuy Town/Peter Cooper Village,5777,0.16684539176609184,Stuy Town/Peter Cooper Village (Manhattan)
Queens,Long Island City/Hunters Point,4435,0.1280871235040016,Long Island City/Hunters Point (Queens)
Queens,Sunnyside,4073,0.11763221060468963,Sunnyside (Queens)
Manhattan,Hamilton Heights,3662,0.10576212993723874,Hamilton Heights (Manhattan)
Manhattan,Washington Heights South,3310,0.09559602678652657,Washington Heights South (Manhattan)
Queens,Astoria,3184,0.09195702395416935,Astoria (Queens)
Brooklyn,Williamsburg (North Side),3141,0.09071514203519032,Williamsburg (North Side) (Brooklyn)
Brooklyn,Crown Heights North,3039,0.08776928259947257,Crown Heights North (Brooklyn)
Brooklyn,Downtown Brooklyn/MetroTech,2762,0.07976925256325872,Downtown Brooklyn/MetroTech (Brooklyn)
Manhattan,Manhattanville,2691,0.0777187033482003,Manhattanville (Manhattan)
Brooklyn,Brooklyn Heights,2668,0.0770544409264208,Brooklyn Heights (Brooklyn)
Brooklyn,East New York,2621,0.07569703510800185,East New York (Brooklyn)
Brooklyn,Fort Greene,2535,0.07321327127004375,Fort Greene (Brooklyn)
Brooklyn,Williamsburg (South Side),2352,0.06792805287066782,Williamsburg (South Side) (Brooklyn)
Brooklyn,Boerum Hill,2351,0.06789917189580784,Boerum Hill (Brooklyn)
Queens,Jamaica,2310,0.06671505192654875,Jamaica (Queens)
Queens,South Ozone Park,2288,0.06607967047962923,South Ozone Park (Queens)
Brooklyn,Park Slope,2261,0.06529988415840983,Park Slope (Brooklyn)
Queens,Jackson Heights,2224,0.06423128808859066,Jackson Heights (Queens)
Brooklyn,DUMBO/Vinegar Hill,2185,0.06310493006905152,DUMBO/Vinegar Hill (Brooklyn)
Brooklyn,Prospect-Lefferts Gardens,2086,0.060245713557913715,Prospect-Lefferts Gardens (Brooklyn)
Queens,Richmond Hill,1920,0.05545147173115741,Richmond Hill (Queens)
Queens,Long Island City/Queens Plaza,1912,0.055220423932277586,Long Island City/Queens Plaza (Queens)
Queens,Queensbridge/Ravenswood,1905,0.05501825710825774,Queensbridge/Ravenswood (Queens)
Brooklyn,Flatbush/Ditmas Park,1891,0.05461392346021804,Flatbush/Ditmas Park (Brooklyn)
Brooklyn,Canarsie,1826,0.05273666009431949,Canarsie (Brooklyn)
Brooklyn,Bushwick South,1819,0.05253449327029964,Bushwick South (Brooklyn)
Brooklyn,East Williamsburg,1809,0.052245683521699865,East Williamsburg (Brooklyn)
Brooklyn,Greenpoint,1808,0.05221680254683989,Greenpoint (Brooklyn)
Brooklyn,Stuyvesant Heights,1552,0.04482327298268556,Stuyvesant Heights (Brooklyn)
Brooklyn,Bedford,1551,0.04479439200782559,Bedford (Brooklyn)
Queens,Elmhurst,1517,0.043812438862586345,Elmhurst (Queens)
Queens,Woodside,1472,0.04251279499388734,Woodside (Queens)
Brooklyn,Clinton Hill,1455,0.04202181842126772,Clinton Hill (Brooklyn)
Brooklyn,Brownsville,1445,0.041733008672667944,Brownsville (Brooklyn)
Queens,Forest Hills,1427,0.04121315112518834,Forest Hills (Queens)
Brooklyn,East Flatbush/Remsen Village,1394,0.04026007895480907,East Flatbush/Remsen Village (Brooklyn)
Bronx,Mott Haven/Port Morris,1375,0.03971134043246949,Mott Haven/Port Morris (Bronx)
Queens,Old Astoria,1364,0.039393649709009736,Old Astoria (Queens)
Queens,Baisley Park,1327,0.03832505363919056,Baisley Park (Queens)
Brooklyn,Bushwick North,1217,0.035148146404593,Bushwick North (Brooklyn)
Brooklyn,Flatlands,1182,0.03413731228449377,Flatlands (Brooklyn)
Manhattan,Washington Heights North,1161,0.033530811812434246,Washington Heights North (Manhattan)
Brooklyn,East Flatbush/Farragut,1153,0.03329976401355442,East Flatbush/Farragut (Brooklyn)
Brooklyn,Ocean Hill,1145,0.033068716214674596,Ocean Hill (Brooklyn)
Queens,Steinway,1069,0.030873762125316284,Steinway (Queens)
Queens,South Jamaica,954,0.027552450016418838,South Jamaica (Queens)
Brooklyn,Crown Heights South,948,0.027379164167258968,Crown Heights South (Brooklyn)
Manhattan,Battery Park,944,0.027263640267819057,Battery Park (Manhattan)
Brooklyn,Bay Ridge,939,0.027119235393519167,Bay Ridge (Brooklyn)
Brooklyn,Sunset Park West,912,0.026339449072299768,Sunset Park West (Brooklyn)
Brooklyn,Prospect Heights,844,0.024375542781821274,Prospect Heights (Brooklyn)
Brooklyn,Cobble Hill,826,0.023855685234341676,Cobble Hill (Brooklyn)
Bronx,East Concourse/Concourse Village,816,0.023566875485741896,East Concourse/Concourse Village (Bronx)
Brooklyn,Carroll Gardens,812,0.023451351586301985,Carroll Gardens (Brooklyn)
Brooklyn,Red Hook,801,0.02313366086284223,Red Hook (Brooklyn)
Queens,Maspeth,793,0.022902613063962404,Maspeth (Queens)
Queens,Kew Gardens,745,0.02151632627068347,Kew Gardens (Queens)
Queens,Ridgewood,739,0.021343040421523605,Ridgewood (Queens)
Queens,Springfield Gardens South,735,0.021227516522083694,Springfield Gardens South (Queens)
Bronx,West Concourse,717,0.020707658974604092,West Concourse (Bronx)
Queens,Woodhaven,708,0.02044773020086429,Woodhaven (Queens)
Brooklyn,Erasmus,702,0.020274444351704425,Erasmus (Brooklyn)
Queens,Briarwood/Jamaica Hills,696,0.02010115850254456,Briarwood/Jamaica Hills (Queens)
Brooklyn,Borough Park,684,0.019754586804224823,Borough Park (Brooklyn)
Bronx,Soundview/Castle Hill,679,0.019610181929924937,Soundview/Castle Hill (Bronx)
Bronx,Melrose South,678,0.019581300955064957,Melrose South (Bronx)
Brooklyn,East New York/Pennsylvania Avenue,675,0.019494658030485026,East New York/Pennsylvania Avenue (Brooklyn)
Queens,Corona,671,0.019379134131045115,Corona (Queens)
Brooklyn,Coney Island,655,0.01891703853328547,Coney Island (Brooklyn)
Queens,Saint Albans,634,0.018310538061225935,Saint Albans (Queens)
Brooklyn,Cypress Hills,622,0.0179639663629062,Cypress Hills (Brooklyn)
Queens,Rego Park,603,0.01741522784056662,Rego Park (Queens)
Bronx,Parkchester,590,0.01703977516738691,Parkchester (Bronx)
Brooklyn,Marine Park/Mill Basin,586,0.016924251267947,Marine Park/Mill Basin (Brooklyn)
Bronx,Co-Op City,585,0.01689537029308702,Co-Op City (Bronx)
Queens,Flushing,584,0.016866489318227044,Flushing (Queens)
Brooklyn,Midwood,572,0.016519917619907308,Midwood (Brooklyn)
Bronx,Williamsbridge/Olinville,562,0.01623110787130753,Williamsbridge/Olinville (Bronx)
Queens,Flushing Meadows-Corona Park,560,0.016173345921587576,Flushing Meadows-Corona Park (Queens)
Brooklyn,Starrett City,554,0.01600006007242771,Starrett City (Brooklyn)
Queens,Elmhurst/Maspeth,537,0.015509083499808085,Elmhurst/Maspeth (Queens)
Queens,Springfield Gardens North,535,0.01545132155008813,Springfield Gardens North (Queens)
Brooklyn,Gowanus,523,0.015104749851768396,Gowanus (Brooklyn)
Brooklyn,Kensington,507,0.014642654254008751,Kensington (Brooklyn)
Bronx,Morrisania/Melrose,479,0.013833986957929374,Morrisania/Melrose (Bronx)
Bronx,University Heights/Morris Heights,479,0.013833986957929374,University Heights/Morris Heights (Bronx)
Brooklyn,Sheepshead Bay,469,0.013545177209329596,Sheepshead Bay (Brooklyn)
Bronx,Highbridge,466,0.013458534284749663,Highbridge (Bronx)
Queens,Queens Village,460,0.013285248435589795,Queens Village (Queens)
Manhattan,Inwood,448,0.012938676737270062,Inwood (Manhattan)
Bronx,Mount Hope,436,0.012592105038950325,Mount Hope (Bronx)
Queens,Middle Village,430,0.012418819189790459,Middle Village (Queens)
Bronx,Soundview/Bruckner,428,0.012361057240070503,Soundview/Bruckner (Bronx)
Queens,Far Rockaway,391,0.011292461170251325,Far Rockaway (Queens)
Brooklyn,Homecrest,388,0.01120581824567139,Homecrest (Brooklyn)
Bronx,Van Nest/Morris Park,383,0.011061413371371502,Van Nest/Morris Park (Bronx)
EWR,Newark Airport,376,0.010859246547351658,Newark Airport (EWR)
Queens,Jamaica Estates,374,0.010801484597631701,Jamaica Estates (Queens)
Brooklyn,South Williamsburg,370,0.01068596069819179,South Williamsburg (Brooklyn)
Bronx,East Tremont,367,0.010599317773611857,East Tremont (Bronx)
Bronx,Van Cortlandt Village,367,0.010599317773611857,Van Cortlandt Village (Bronx)
Queens,Howard Beach,363,0.010483793874171947,Howard Beach (Queens)
Queens,Hillcrest/Pomonok,358,0.010339388999872058,Hillcrest/Pomonok (Queens)
Queens,Hammels/Arverne,356,0.010281627050152101,Hammels/Arverne (Queens)
Bronx,Westchester Village/Unionport,352,0.01016610315071219,Westchester Village/Unionport (Bronx)
Bronx,Claremont/Bathgate,348,0.01005057925127228,Claremont/Bathgate (Bronx)
Bronx,West Farms/Bronx River,346,0.009992817301552324,West Farms/Bronx River (Bronx)
Bronx,Bedford Park,343,0.009906174376972391,Bedford Park (Bronx)
Brooklyn,Bensonhurst West,342,0.009877293402112412,Bensonhurst West (Brooklyn)
Queens,Kew Gardens Hills,341,0.009848412427252434,Kew Gardens Hills (Queens)
Queens,Glendale,331,0.009559602678652657,Glendale (Queens)
Queens,North Corona,323,0.009328554879772834,North Corona (Queens)
Bronx,Hunts Point,313,0.009039745131173057,Hunts Point (Bronx)
Brooklyn,Sunset Park East,310,0.008953102206593122,Sunset Park East (Brooklyn)
Brooklyn,Bensonhurst East,310,0.008953102206593122,Bensonhurst East (Brooklyn)
Bronx,Schuylerville/Edgewater Park,302,0.008722054407713299,Schuylerville/Edgewater Park (Bronx)
Bronx,Woodlawn/Wakefield,299,0.008635411483133366,Woodlawn/Wakefield (Bronx)
Bronx,Spuyten Duyvil/Kingsbridge,299,0.008635411483133366,Spuyten Duyvil/Kingsbridge (Bronx)
Queens,Ozone Park,294,0.008491006608833477,Ozone Park (Queens)
Bronx,Kingsbridge Heights,290,0.008375482709393565,Kingsbridge Heights (Bronx)
Bronx,Norwood,289,0.008346601734533587,Norwood (Bronx)
Brooklyn,Madison,287,0.008288839784813632,Madison (Brooklyn)
Brooklyn,Windsor Terrace,285,0.008231077835093676,Windsor Terrace (Brooklyn)
Bronx,Crotona Park East,272,0.007855625161913965,Crotona Park East (Bronx)
Brooklyn,Brighton Beach,270,0.007797863212194009,Brighton Beach (Brooklyn)
Queens,Rosedale,269,0.0077689822373340316,Rosedale (Queens)
Brooklyn,Columbia Street,258,0.007451291513874276,Columbia Street (Brooklyn)
Brooklyn,Brooklyn Navy Yard,257,0.007422410539014298,Brooklyn Navy Yard (Brooklyn)
Brooklyn,Gravesend,239,0.006902552991534698,Gravesend (Brooklyn)
Queens,Laurelton,238,0.00687367201667472,Laurelton (Queens)
Bronx,Longwood,238,0.00687367201667472,Longwood (Bronx)
Bronx,Eastchester,237,0.006844791041814742,Eastchester (Bronx)
Queens,Bellerose,234,0.006758148117234809,Bellerose (Queens)
Manhattan,Roosevelt Island,232,0.006700386167514854,Roosevelt Island (Manhattan)
Brooklyn,Dyker Heights,225,0.006498219343495009,Dyker Heights (Brooklyn)
Bronx,Bronxdale,220,0.006353814469195119,Bronxdale (Bronx)
Bronx,Pelham Parkway,210,0.006065004720595341,Pelham Parkway (Bronx)
Queens,Cambria Heights,210,0.006065004720595341,Cambria Heights (Queens)
Queens,College Point,205,0.0059205998462954525,College Point (Queens)
Queens,Hollis,200,0.005776194971995562,Hollis (Queens)
Bronx,Belmont,199,0.005747313997135585,Belmont (Bronx)
Queens,Glen Oaks,184,0.0053140993742359175,Glen Oaks (Queens)
Queens,Whitestone,180,0.005198575474796007,Whitestone (Queens)
Queens,Murray Hill-Queens,175,0.005054170600496117,Murray Hill-Queens (Queens)
Bronx,Allerton/Pelham Gardens,175,0.005054170600496117,Allerton/Pelham Gardens (Bronx)
Queens,Fresh Meadows,169,0.00488088475133625,Fresh Meadows (Queens)
Queens,Saint Michaels Cemetery/Woodside,167,0.004823122801616295,Saint Michaels Cemetery/Woodside (Queens)
Bronx,Riverdale/North Riverdale/Fieldston,160,0.00462095597759645,Riverdale/North Riverdale/Fieldston (Bronx)
Brooklyn,Bath Beach,159,0.004592075002736473,Bath Beach (Brooklyn)
Bronx,Fordham South,158,0.004563194027876495,Fordham South (Bronx)
Queens,Queensboro Hill,146,0.004216622329556761,Queensboro Hill (Queens)
Brooklyn,Manhattan Beach,139,0.004014455505536916,Manhattan Beach (Brooklyn)
Brooklyn,Ocean Parkway South,137,0.00395669355581696,Ocean Parkway South (Brooklyn)
Queens,Oakland Gardens,135,0.0038989316060970046,Oakland Gardens (Queens)
Queens,Rockaway Park,134,0.003870050631237027,Rockaway Park (Queens)
Manhattan,Randalls Island,120,0.003465716983197338,Randalls Island (Manhattan)
Queens,Bayside,120,0.003465716983197338,Bayside (Queens)
Queens,Auburndale,116,0.003350193083757427,Auburndale (Queens)
Bronx,Pelham Bay,111,0.003205788209457537,Pelham Bay (Bronx)
Queens,Douglaston,110,0.0031769072345975593,Douglaston (Queens)
Brooklyn,Prospect Park,97,0.0028014545614178476,Prospect Park (Brooklyn)
Queens,Bay Terrace/Fort Totten,97,0.0028014545614178476,Bay Terrace/Fort Totten (Queens)
Staten Island,Arrochar/Fort Wadsworth,87,0.00251264481281807,Arrochar/Fort Wadsworth (Staten Island)
Queens,East Flushing,84,0.0024260018882381364,East Flushing (Queens)
Manhattan,Marble Hill,63,0.0018195014161786023,Marble Hill (Manhattan)
Brooklyn,Marine Park/Floyd Bennett Field,55,0.0015884536172987797,Marine Park/Floyd Bennett Field (Brooklyn)
Bronx,Bronx Park,37,0.001068596069819179,Bronx Park (Bronx)
Manhattan,Inwood Hill Park,36,0.0010397150949592012,Inwood Hill Park (Manhattan)
Bronx,Van Cortlandt Park,36,0.0010397150949592012,Van Cortlandt Park (Bronx)
Staten Island,South Beach/Dongan Hills,34,0.0009819531452392456,South Beach/Dongan Hills (Staten Island)
Staten Island,Stapleton,32,0.0009241911955192901,Stapleton (Staten Island)
Queens,Forest Park/Highland Park,29,0.0008375482709393567,Forest Park/Highland Park (Queens)
Bronx,Country Club,29,0.0008375482709393567,Country Club (Bronx)
Queens,Astoria Park,22,0.0006353814469195119,Astoria Park (Queens)
Bronx,City Island,22,0.0006353814469195119,City Island (Bronx)
Manhattan,Highbridge Park,21,0.0006065004720595341,Highbridge Park (Manhattan)
Bronx,Pelham Bay Park,16,0.00046209559775964505,Pelham Bay Park (Bronx)
Queens,Willets Point,15,0.00043321462289966725,Willets Point (Queens)
Staten Island,Bloomfield/Emerson Hill,14,0.00040433364803968945,Bloomfield/Emerson Hill (Staten Island)
Staten Island,Grymes Hill/Clifton,14,0.00040433364803968945,Grymes Hill/Clifton (Staten Island)
Queens,Broad Channel,12,0.00034657169831973374,Broad Channel (Queens)
Staten Island,New Dorp/Midland Beach,12,0.00034657169831973374,New Dorp/Midland Beach (Staten Island)
Staten Island,Westerleigh,11,0.00031769072345975595,Westerleigh (Staten Island)
Staten Island,Heartland Village/Todt Hill,10,0.00028880974859977815,Heartland Village/Todt Hill (Staten Island)
Bronx,Crotona Park,8,0.00023104779887982252,Crotona Park (Bronx)
Staten Island,Mariners Harbor,7,0.00020216682401984472,Mariners Harbor (Staten Island)
Staten Island,Saint George/New Brighton,7,0.00020216682401984472,Saint George/New Brighton (Staten Island)
Queens,Jamaica Bay,6,0.00017328584915986687,Jamaica Bay (Queens)
Staten Island,West Brighton,6,0.00017328584915986687,West Brighton (Staten Island)
Queens,Breezy Point/Fort Tilden/Riis Beach,4,0.00011552389943991126,Breezy Point/Fort Tilden/Riis Beach (Queens)
Staten Island,Great Kills,4,0.00011552389943991126,Great Kills (Staten Island)
Staten Island,Rossville/Woodrow,3,8.664292457993344e-05,Rossville/Woodrow (Staten Island)
Brooklyn,Green-Wood Cemetery,3,8.664292457993344e-05,Green-Wood Cemetery (Brooklyn)
Staten Island,Arden Heights,3,8.664292457993344e-05,Arden Heights (Staten Island)
Staten Island,Charleston/Tottenville,3,8.664292457993344e-05,Charleston/Tottenville (Staten Island)
Staten Island,Port Richmond,2,5.776194971995563e-05,Port Richmond (Staten Island)
Staten Island,Oakwood,2,5.776194971995563e-05,Oakwood (Staten Island)
Staten Island,Freshkills Park,1,2.8880974859977815e-05,Freshkills Park (Staten Island)
Staten Island,Eltingville/Annadale/Prince's Bay,1,2.8880974859977815e-05,Eltingville/Annadale/Prince's Bay (Staten Island)
Bronx,Rikers Island,1,2.8880974859977815e-05,Rikers Island (Bronx)
